{
  "agregado": {
    "COMPRA": {
      "notas": 453,
      "valor": 29976365.320000008,
      "cabecas": 11529.0
    },
    "VENDA": {
      "notas": 829,
      "valor": 33521211.620000005,
      "cabecas": 13621.3
    },
    "TRANSFERENCIA": {
      "notas": 41,
      "valor": 2911992.33,
      "cabecas": 1191.0
    },
    "REMESSA": {
      "notas": 376,
      "valor": 20886273.55,
      "cabecas": 8055.0
    },
    "OUTRAS": {
      "notas": 5,
      "valor": 716400.0,
      "cabecas": 245.0
    }
  },
  "re1_qtd": 453,
  "re1_valor": 29976365.32,
  "top_compradores": [
    {
      "nome": "",
      "notas": 453,
      "valor": 29976365.320000008,
      "cabecas": 11529.0
    }
  ]
}